site,A1,C1,A2,C2,B1,D1,B2,D2,gene,read_sums
14453,0,0,0,0,0,0,275,0,MB0012 (NA),275
14901,0,0,0,0,0,0,59,0,NA,59
25777,0,0,0,0,0,0,2591,291,NA,2882
25813,0,0,0,0,1109,3,0,0,NA,1112
37496,0,0,0,0,0,2964,0,0,MB0036 (fadD34),2964
38031,1,0,0,0,0,280,0,0,MB0036 (fadD34),281
41437,0,0,0,0,743,1,12,0,MB0039 (NA),756
49935,147,567,0,0,0,0,5,1,NA,720
72681,0,0,0,0,0,36,0,0,MB0067c (icd2),36
77677,3,160,0,0,0,0,0,0,MB0071c (glyA2),163
78748,0,0,0,0,0,0,1183,0,MB0071c (glyA2),1183
80179,0,0,0,0,0,36,0,0,MB0072 (NA),36
84594,0,0,0,0,0,0,20,21,MB0077 (NA),41
88334,2455,0,0,0,0,39,0,0,MB0082 (NA),2494
100345,0,0,1194,501,0,0,0,0,MB0094 (mtn),1695
104808,0,0,0,0,0,20,0,0,MB0098c (NA),20
108321,0,0,0,0,0,48,0,0,MB0102 (fadD10),48
114625,25,2,0,0,0,0,0,0,MB0104 (nrp),27
115980,0,0,0,0,0,0,119,0,MB0104 (nrp),119
123257,0,0,0,0,0,0,62,0,MB0107 (NA),62
123506,0,0,0,0,0,0,466,242,MB0107 (NA),708
124758,0,0,0,0,66,0,0,0,MB0109 (NA),66
126468,0,0,0,0,0,0,415,0,MB0111c (ctpI),415
129826,0,0,0,0,0,1,254,0,MB0111c (ctpI),255
132175,0,0,0,0,0,557,0,0,MB0113 (PE_PGRS1),557
132706,0,0,0,0,1,290,0,0,MB0113 (PE_PGRS1),291
143996,1,0,7,0,0,3999,0,0,NA,4007
162986,0,0,0,0,0,146,0,0,MB0140c (NA),146
164962,0,0,0,0,0,0,18,88,MB0142c (msrA),106
170391,151,1,0,0,0,0,61,1,NA,214
178511,0,0,0,0,0,39,0,0,MB0156c (PE1),39
189402,0,0,0,0,0,0,736,1,MB0165c (PE4),737
189606,2,0,0,1,15,5117,0,0,MB0165c (PE4),5135
191999,0,0,0,0,0,1346,666,0,MB0166 (NA),2012
223175,0,0,0,0,0,0,443,10,MB0197 (NA),453
226846,0,0,0,0,0,0,11,0,NA,11
230483,0,0,0,0,1,11,0,0,MB0200 (NA),12
237204,0,0,0,0,0,0,0,472,MB0205 (NA),472
237974,12,0,0,0,0,0,0,0,MB0206 (NA),12
240719,11,0,0,0,0,0,0,0,MB0208c (mmpL11),11
243422,0,0,0,0,0,0,0,29,MB0210c (NA),29
258710,0,0,0,0,0,0,621,29,MB0221c (fadE3),650
262394,1847,147,0,0,0,0,0,0,MB0224 (NA),1994
273675,0,0,0,0,0,0,191,21,MB0235c (php),212
275788,1911,410,0,0,0,0,0,0,MB0236 (fadE4),2321
278636,0,0,0,0,0,0,15,0,MB0239c (gabD1),15
288090,0,0,0,0,0,231,0,0,MB0246 (vapc24),231
288153,159,1,4,56,0,0,0,0,MB0247c (htdx),220
288170,0,0,0,0,0,0,163,0,MB0247c (htdx),163
290244,0,0,0,0,0,0,12,0,MB0248c (fabG4),12
294634,0,0,0,0,0,2,104,2,MB0251 (NA),108
295814,0,0,0,0,0,0,831,1,MB0252 (NA),832
301631,0,0,0,0,0,25,0,0,MB0258 (nirB),25
306286,0,0,0,0,0,65,0,0,MB0262c (PPE2),65
307100,0,241,0,0,0,0,0,0,MB0262c (PPE2),241
307141,0,0,0,0,0,0,2,16,MB0262c (PPE2),18
319358,0,0,1,0,0,1950,0,0,MB0272c (oplA),1951
325340,0,0,0,0,0,0,971,138,MB0277c (fadE6),1109
329326,0,0,0,0,0,0,13,6,"MB0280 (NA),MB0281c (NA)",19
335221,0,0,0,0,0,2,656,0,MB0286c (PE_PGRS3),658
335572,0,0,0,11,0,0,0,0,MB0286c (PE_PGRS3),11
340045,559,84,0,0,0,1,0,0,MB0287c (PE_PGRS4),644
341340,0,0,0,0,0,91,0,0,MB0288 (PPE3),91
357990,19,11,0,0,0,0,0,0,MB0301c (NA),30
361092,0,0,0,0,0,0,53,1,MB0304c (NA),54
363580,26,1,0,0,0,0,0,0,MB0305 (PE_PGRS5),27
365556,0,0,0,0,0,354,0,1,NA,355
367198,0,0,0,0,0,0,1842,41,MB0312c (PPE5),1883
372754,0,0,0,0,186,1300,0,0,MB0313c (PPE6),1486
373330,6,0,0,0,0,0,43,0,MB0313c (PPE6),49
375490,0,0,0,0,0,18,0,0,MB0313c (PPE6),18
376535,0,0,0,0,0,0,1539,7,MB0313c (PPE6),1546
377956,0,0,0,0,0,0,270,0,MB0315c (NA),270
379899,0,0,0,0,0,0,15,0,MB0318c (NA),15
395031,0,0,0,0,0,0,268,37,MB0334c (cyp135A1),305
399304,0,0,0,0,0,0,83,0,MB0340 (NA),83
401176,0,0,0,83,0,0,0,0,NA,83
410970,0,0,0,0,0,0,85,0,MB0348 (iniB),85
411260,0,0,0,0,0,0,571,11,MB0348 (iniB),582
415923,351,0,0,0,0,0,0,0,MB0351c (lpqJ),351
417883,0,0,0,0,0,86,3,0,MB0354c (ansP2),89
418067,2,0,1543,135,0,16,0,0,NA,1696
428803,24,0,0,0,0,0,0,0,MB0362c (PPE8),24
428958,0,0,0,0,0,7,273,10,MB0362c (PPE8),290
430437,1,0,0,1,0,1325,0,0,MB0362c (PPE8),1327
430977,42,54,0,0,0,0,320,0,MB0362c (PPE8),416
431906,0,0,0,0,0,0,126,60,MB0362c (PPE8),186
432219,0,0,0,0,0,0,21,10,MB0362c (PPE8),31
444727,0,0,0,0,0,366,0,0,MB0372c (NA),366
444912,1,0,0,0,0,1248,0,0,MB0372c (NA),1249
446332,0,0,0,0,0,0,33,0,MB0375c (NA),33
456689,0,0,0,0,1,0,1967,0,MB0385 (NA),1968
456743,0,0,0,0,0,21,0,0,MB0385 (NA),21
467301,0,0,444,3,0,0,438,301,MB0393 (NA),1186
471920,0,0,0,0,0,0,865,12,MB0397 (metZ),877
480710,0,0,0,0,0,0,0,40,MB0406c (fadE7),40
480796,0,0,0,0,0,0,6838,120,NA,6958
482462,445,35,0,0,0,9,0,0,MB0408c (mmpL1b),489
489719,0,0,0,0,0,82,0,0,MB0413 (pks6b),82
498075,0,0,0,0,0,39,0,0,MB0418c (pknG),39
502048,0,0,0,0,0,2333,0,0,NA,2333
502056,2544,134,0,0,0,0,1,0,NA,2679
505753,0,0,0,0,0,212,0,0,MB0426 (lpqL),212
511341,281,0,3642,968,0,0,1,0,NA,4892
511352,0,0,0,0,0,999,3126,579,NA,4704
515986,0,0,0,0,0,36,0,0,MB0433c (ctpH),36
518169,0,0,0,0,0,0,39,2,MB0436c (NA),41
518779,0,0,1,0,0,807,0,0,MB0436c (NA),808
523004,0,0,0,0,0,307,0,0,MB0442 (NA),307
526790,0,0,0,0,0,58,0,0,MB0445c (psd),58
526968,0,0,0,0,0,0,1795,201,MB0445c (psd),1996
534006,0,0,0,0,0,335,0,0,NA,335
534930,0,0,0,0,0,0,1392,445,MB0453c (sigK),1837
536667,2267,51,0,0,0,0,0,0,MB0455c (ufaA1),2318
539819,0,0,0,0,0,0,134,164,MB0458c (mmpL4),298
541376,92,3,0,0,0,421,0,0,MB0458c (mmpL4),516
542980,0,0,0,0,0,0,1367,31,NA,1398
543167,0,0,0,0,338,0,0,0,MB0460 (NA),338
544540,0,0,0,0,0,0,1364,14,MB0461 (PPE11),1378
546847,0,0,0,0,0,68,0,0,NA,68
553217,0,0,0,0,0,0,23,159,MB0470 (NA),182
555691,0,0,0,0,0,2488,0,0,MB0473c (NA),2488
565476,3,102,0,0,0,0,0,0,MB0483 (NA),105
567520,2,0,56,398,0,0,3175,257,NA,3888
574420,0,0,0,0,75,362,0,0,MB0494c (NA),437
582205,0,0,0,0,0,0,32,1,MB0501 (regX3),33
587960,0,0,0,0,0,32,0,0,MB0507 (ppx1),32
589644,0,0,0,0,0,0,108,4,MB0509 (NA),112
590159,0,0,0,0,0,0,0,12,MB0509 (NA),12
592294,0,0,30,17,0,49,0,0,MB0512 (NA),96
593332,288,0,0,0,0,0,0,0,MB0513 (galE2),288
593947,0,0,0,0,0,0,68,0,MB0514 (NA),68
597793,28,0,0,0,0,0,0,0,NA,28
598170,0,4,0,0,2,1175,50,0,MB0518 (mmpS2),1231
598325,78,0,0,0,0,0,133,1,MB0518 (mmpS2),212
614244,0,0,0,0,0,668,1,0,MB0535 (gabP),669
631730,0,0,0,0,0,0,35,0,MB0552 (NA),35
634257,26,0,0,0,0,0,0,0,MB0554 (NA),26
637704,0,0,0,0,0,1,55,0,MB0559c (pitA),56
637799,409,0,0,0,0,0,0,0,MB0559c (pitA),409
638988,9,0,0,0,0,9,0,0,MB0560c (NA),18
642206,0,62,0,0,0,52,0,0,NA,114
644831,689,309,0,0,0,26,0,132,MB0567 (NA),1156
646830,0,31,0,0,0,0,0,0,MB0569 (bpoC),31
650919,46,1,0,0,0,0,0,0,NA,47
658752,0,0,0,0,22,1764,0,0,NA,1786
660077,0,0,0,0,0,0,10,19,MB0582 (NA),29
668958,0,0,0,0,0,11,0,0,MB0589c (NA),11
671162,0,0,0,0,0,0,1751,0,MB0591 (NA),1751
677285,182,0,0,0,0,0,1009,0,NA,1191
681394,0,0,0,0,0,1512,0,0,MB0599 (NA),1512
685712,27,0,0,0,0,0,0,0,MB0601 (mce2r),27
687345,0,0,684,106,0,0,0,0,MB0603 (yrbE2B),790
695099,0,0,0,0,0,0,41,2,MB0610 (mce2F),43
695509,61,0,0,0,0,0,0,0,MB0610 (mce2F),61
701443,0,0,0,0,0,0,1220,11,NA,1231
707069,0,0,0,0,0,274,0,0,MB0627c (NA),274
711873,0,0,0,0,0,1,41,6,MB0633c (NA),48
717745,0,0,0,0,20,0,0,0,MB0639 (vapb30),20
738148,0,0,0,0,338,54,1,0,MB0661c (mmaA4),393
747358,0,0,0,0,0,164,715,7,MB0667 (NA),886
760439,100,6,0,0,0,0,0,0,MB0683 (vapb8),106
790416,1,0,185,74,0,0,0,0,MB0707 (NA),260
795654,35,26,0,0,0,0,0,0,MB0713 (lldD1),61
801691,0,0,0,0,0,0,343,0,NA,343
801715,675,0,0,0,0,0,0,0,NA,675
812948,1,0,0,0,0,0,374,0,NA,375
823361,0,0,0,0,0,0,447,390,MB0750 (xylB),837
824447,3,0,0,0,0,16,0,0,MB0750 (xylB),19
824634,2759,14,0,0,0,2105,0,0,MB0750 (xylB),4878
826363,262,6,0,0,0,0,0,0,MB0752c (NA),268
831246,7021,63,0,0,0,0,0,0,MB0758 (NA),7084
836723,0,0,0,0,4,1145,0,0,MB0765c (NA),1149
839438,20,0,0,0,0,0,0,0,MB0767 (PE_PGRS9),20
839660,0,0,112,69,0,0,0,0,MB0767 (PE_PGRS9),181
842251,0,0,0,1,0,195,0,0,MB0768 (PE_PGRS10),196
843124,38,0,0,0,0,0,0,0,NA,38
849038,0,0,0,0,0,510,0,0,MB0776 (PE_PGRS11),510
858430,0,0,0,0,0,1,2077,0,MB0785c (NA),2078
858649,0,0,0,0,0,0,1072,74,MB0785c (NA),1146
860357,0,0,0,0,0,343,0,0,MB0788c (NA),343
862055,94,0,0,0,0,0,0,0,MB0789c (cyp123),94
866295,29997,1279,3,1,0,4,6,0,MB0793 (NA),31290
870004,0,0,0,0,0,0,109,174,MB0797c (NA),283
870207,0,0,168,1,0,0,0,0,MB0797c (NA),169
888792,0,0,0,0,0,17,0,0,MB0816c (NA),17
891456,0,0,0,0,0,274,0,0,MB0820 (NA),274
892534,39,0,0,0,0,0,0,6,MB0821c (cfp29),45
894521,7,73,0,0,0,0,0,0,MB0823 (pepC),80
894537,0,0,0,0,0,409,1,0,MB0823 (pepC),410
899948,0,0,2802,1071,0,1,0,0,MB0828 (NA),3874
904541,0,0,0,0,0,0,23,0,NA,23
911725,1,0,1,65,1007,11,1655,17,NA,2757
917445,0,23,0,0,0,0,0,0,MB0846c (NA),23
918075,0,0,0,0,0,0,84,0,MB0846c (NA),84
918147,0,0,0,0,0,1562,0,0,MB0846c (NA),1562
918565,0,0,0,0,0,15,0,2,MB0847c (desA1),17
930655,0,0,15,11,0,0,0,0,MB0857c (PE_PGRS14),26
932067,0,0,0,0,0,1000,0,0,MB0858 (lpqQ),1000
932078,0,0,0,0,59,573,0,0,MB0858 (lpqQ),632
933965,0,0,0,0,0,0,225,138,MB0860c (NA),363
934579,0,0,0,0,0,22,3460,210,MB0860c (NA),3692
938990,0,0,0,0,0,335,0,0,MB0865 (NA),335
939621,0,14,0,0,0,0,0,0,MB0865 (NA),14
940535,2,0,2299,939,0,0,0,0,MB0866 (NA),3240
940774,0,0,0,0,0,0,998,108,MB0866 (NA),1106
943842,0,0,0,0,0,0,630,3,MB0869c (NA),633
946944,0,0,0,0,0,0,0,12,MB0872 (NA),12
948160,0,0,136,525,0,0,0,0,MB0873 (NA),661
952968,0,42,0,0,0,2,2,0,MB0878 (far),46
969135,0,0,0,0,0,0,1450,0,MB0896c (PE_PGRS15),1450
972569,0,0,0,0,0,133,0,0,MB0897 (fadE10),133
980972,490,0,0,0,0,0,0,0,"MB0906 (NA),MB0907c (NA)",490
983040,0,0,0,0,0,0,35,0,NA,35
984945,0,0,0,0,0,1,1186,32,MB0910 (fprB),1219
988413,0,0,0,0,1,1742,0,0,MB0912 (NA),1743
990226,0,1,0,0,0,118,0,0,MB0913c (citA),119
990554,1,0,0,0,0,264,0,0,MB0914c (NA),265
998024,1123,0,0,0,0,0,0,0,MB0918 (NA),1123
1007186,0,7,0,0,0,0,26,56,MB0928c (accD3),89
1010666,0,0,0,0,0,0,50,0,MB0931 (NA),50
1019400,0,0,0,0,0,0,19,0,MB0938c (NA),19
1025328,0,0,0,0,0,0,299,4,MB0943 (NA),303
1038898,0,0,0,0,0,86,0,0,MB0954c (pknDb),86
1042955,0,0,1,0,0,1266,0,0,MB0959 (pstS1),1267
1044848,6091,0,0,0,0,1,62,2,MB0961 (pstA2),6156
1053427,31,0,0,0,0,0,0,0,MB0968c (NA),31
1054578,17,0,0,0,0,0,0,0,MB0969 (NA),17
1074145,0,1,0,0,0,20,0,0,MB0985 (vapc9),21
1074584,0,0,11,0,0,0,0,0,MB0986 (NA),11
1078889,0,0,0,0,0,0,204,0,MB0993 (NA),204
1088683,1,0,0,0,1,610,0,0,MB1000c (fadE13),612
1091277,0,0,0,0,49,0,0,0,MB1002 (PE_PGRS16),49
1092000,0,0,0,0,0,19,0,0,MB1002 (PE_PGRS16),19
1096998,1,0,0,0,0,506,0,0,NA,507
1099870,0,48,0,0,0,0,0,0,MB1009 (pepd),48
1100191,3,0,0,0,0,0,66,0,MB1009 (pepd),69
1100872,0,0,0,0,0,0,198,0,MB1009 (pepd),198
1108380,17,0,0,0,0,0,0,0,MB1017c (NA),17
1115511,3746,5,0,0,0,0,0,0,MB1025 (NA),3751
1117797,0,0,0,0,0,288,1,0,MB1028 (arcA),289
1118815,32,0,0,0,0,0,0,0,MB1028 (arcA),32
1121485,0,0,0,0,0,38,0,0,MB1031c (NA),38
1123319,0,0,0,0,0,1397,774,49,MB1032c (pabB),2220
1135188,542,0,0,0,0,39,0,0,MB1044c (lpqT),581
1150667,5449,46,0,0,0,1,1,0,MB1056c (kdpD),5497
1157839,12,1,0,0,0,0,0,0,MB1061c (trcS),13
1170044,3,19,0,0,0,0,0,0,MB1076 (NA),22
1170482,583,66,0,0,0,0,0,0,MB1076 (NA),649
1173080,9,0,0,0,0,0,3873,1219,MB1078 (NA),5101
1173890,0,0,0,0,0,1271,0,0,MB1079 (NA),1271
1180552,74,0,0,0,0,0,0,0,MB1086 (NA),74
1181265,0,0,0,0,0,24,0,0,MB1087 (fadD14),24
1181869,0,0,0,0,5,442,0,0,MB1087 (fadD14),447
1184565,8,0,0,0,0,13,5,0,MB1090 (NA),26
1186463,0,0,0,0,0,0,682,4,MB1092c (NA),686
1187381,0,0,0,0,0,0,20,0,MB1093c (lpqV),20
1191361,12,0,0,0,0,0,0,0,MB1097c (PE_PGRS20),12
1215400,0,0,0,0,207,4100,3,0,NA,4310
1218072,0,1,0,0,0,2047,0,0,MB1121 (PE_PGRS22),2048
1219770,0,0,0,0,0,0,66,0,MB1121 (PE_PGRS22),66
1220160,0,146,0,0,0,0,0,0,MB1121 (PE_PGRS22),146
1224405,0,0,0,0,0,0,214,169,MB1125 (phoH2),383
1232245,9,0,0,0,0,0,235,168,MB1132c (mazf3),412
1242637,0,0,0,0,1,1996,0,0,MB1147c (NA),1997
1244051,0,0,0,0,0,0,13,0,MB1149c (NA),13
1263672,0,0,220,116,0,0,0,0,MB1166c (PPE16),336
1264939,1898,0,0,1,0,0,1,0,MB1166c (PPE16),1900
1268252,1,140,0,0,0,0,0,0,MB1171c (NA),141
1270040,0,0,0,0,0,0,135,0,MB1173c (echA11),135
1270097,0,0,0,0,0,0,1132,0,MB1173c (echA11),1132
1271710,0,0,0,0,1,1894,0,0,MB1175 (mcr),1895
1278620,0,0,0,0,0,0,27,5,MB1179c (NA),32
1283270,0,0,210,20,0,0,0,0,MB1186 (NA),230
1285825,0,0,0,0,0,0,613,0,MB1189c (NA),613
1285909,0,0,0,0,0,0,19,0,MB1189c (NA),19
1292618,3,0,0,0,0,1583,0,0,MB1194 (narH),1586
1302994,0,0,0,0,0,0,2971,86,MB1204 (NA),3057
1309754,0,0,0,0,23,185,0,0,MB1209c (NA),208
1310061,0,0,0,0,0,0,238,0,MB1209c (NA),238
1310806,177,0,0,0,0,0,0,0,MB1211 (NA),177
1311970,0,0,0,0,0,1,366,6,MB1212c (NA),373
1317394,11,0,0,0,0,0,0,0,MB1213 (pks3),11
1319558,0,0,0,0,0,86,0,0,MB1213 (pks3),86
1338221,0,0,0,0,60,3,0,0,MB1225 (fadD36),63
1343297,585,54,0,0,0,0,0,0,MB1231c (NA),639
1347597,0,0,0,0,0,869,0,0,"MB1234 (dapE),MB1235c (NA)",869
1348631,1,0,0,0,0,0,4132,21,MB1236c (NA),4154
1360721,0,0,0,0,0,25,0,0,NA,25
1369998,0,0,0,0,0,0,109,0,NA,109
1373050,1,0,81,65,0,0,0,0,MB1261c (mrp),147
1377510,0,1,0,0,0,0,399,11,MB1265c (NA),411
1381949,18140,127,1,0,0,827,1,0,MB1269 (sugB),19096
1384030,0,0,0,0,2046,5,0,0,MB1271c (corA),2051
1390430,0,0,0,0,0,0,255,0,MB1279c (relB),255
1394422,307,2,0,0,0,0,0,0,NA,309
1395845,0,0,0,0,0,497,0,0,MB1282 (NA),497
1396788,0,0,0,0,4,202,0,0,MB1282 (NA),206
1416889,2453,0,0,0,0,2,0,0,MB1297CB (pknH2),2455
1420302,0,0,0,0,0,1,1149,0,MB1299c (NA),1150
1425154,0,0,0,0,0,850,0,0,MB1304c (NA),850
1439528,0,0,0,0,0,0,166,3,MB1314c (oppB),169
1439862,0,0,0,0,0,0,39,9,NA,48
1445941,0,0,0,0,0,12,954,0,MB1321c (NA),966
1446449,0,0,0,0,1,1085,0,0,MB1321c (NA),1086
1447617,1,0,0,0,0,0,3772,261,MB1322 (NA),4034
1455452,0,56,0,0,0,0,0,0,NA,56
1471458,0,0,0,0,0,26,0,0,MB1346c (NA),26
1480051,2,1,0,0,0,9,0,0,MB1349c (ogt),12
1482030,0,0,0,0,0,0,460,62,MB1352c (NA),522
1484157,0,0,15,38,0,0,0,0,MB1353c (NA),53
1484489,0,0,0,0,0,0,3956,425,MB1353c (NA),4381
1484616,19,0,0,0,0,0,0,0,MB1353c (NA),19
1485342,2630,133,0,1,0,0,0,0,MB1354c (NA),2764
1488223,78,3,0,0,0,0,0,0,NA,81
1489907,0,0,0,0,0,35,0,0,MB1359 (NA),35
1492462,0,0,0,0,0,0,10,5,NA,15
1497654,0,0,0,0,0,0,88,0,MB1363 (glgP),88
1499758,25,2,0,0,0,0,0,0,MB1364c (dinG),27
1503093,0,0,0,0,0,0,227,17,NA,244
1506120,0,0,0,0,0,20,0,0,MB1371 (cysM),20
1507312,0,3,0,0,0,79,544,104,MB1372 (NA),730
1510567,0,0,0,0,0,0,103,51,MB1376 (NA),154
1512759,0,0,0,0,0,0,57,0,MB1380 (mbtm),57
1529048,0,0,1328,324,0,0,0,0,NA,1652
1536676,19,285,0,0,0,0,0,0,MB1397c (NA),304
1543417,8,0,0,0,0,0,1395,2,NA,1405
1547807,2839,0,0,0,0,0,0,0,"MB1407 (NA),MB1408 (NA)",2839
1552880,0,0,0,0,0,73,0,0,MB1413c (NA),73
1562873,3264,2,204,98,0,0,12,0,MB1422 (PPE20),3580
1585148,4121,0,0,0,0,0,0,0,MB1442 (fmu),4121
1587304,1,0,0,0,0,101,3,0,MB1445c (NA),105
1594682,0,0,0,0,0,395,74,9,MB1454 (NA),478
1615971,0,0,0,0,0,97,0,0,MB1472 (pgk),97
1623931,0,0,0,0,0,0,100,0,NA,100
1631480,0,0,0,0,0,0,52,0,MB1485c (PE_PGRS27),52
1632713,0,0,0,0,0,0,53,0,MB1485c (PE_PGRS27),53
1638667,15,0,0,0,0,0,0,0,MB1487c (PE_PGRS28),15
1658690,0,42,0,0,0,0,0,0,MB1504 (ctpD),42
1660954,48,0,0,0,0,0,0,0,MB1507 (echA12),48
1664161,2148,7,0,0,0,0,0,0,MB1510c (NA),2155
1679642,0,2,0,0,0,168,0,0,MB1524 (NA),170
1690695,0,0,0,0,601,8,1757,437,MB1535c (NA),2803
1695054,0,0,0,0,0,0,1731,9,NA,1740
1697444,0,0,173,12,0,0,0,0,MB1544 (NA),185
1697627,66,18,0,0,0,0,0,0,MB1544 (NA),84
1697678,321,78,0,0,0,0,0,0,MB1544 (NA),399
1699408,0,58,0,0,0,0,13,4,MB1546 (NA),75
1703679,0,0,0,0,0,0,463,0,MB1549c (mmpL12),463
1706082,1,0,0,0,2,183,0,0,MB1550 (NA),186
1720609,0,0,1862,591,0,0,1,0,MB1557 (adh),2454
1722271,0,0,0,0,0,0,661,0,MB1560 (NA),661
1723722,1,0,0,0,610,4474,2347,147,MB1561 (NA),7579
1740786,299,0,0,0,0,0,0,0,MB1575c (PPE21),299
1751561,92,0,0,0,0,0,0,0,MB1583 (mmpL6),92
1754535,13,0,0,0,0,0,0,0,MB1585 (ilvA),13
1767835,0,0,0,0,0,25,0,0,MB1597 (bioD),25
1779282,0,0,0,0,0,19,0,0,MB1614c (NA),19
1780684,727,0,0,0,0,2449,0,0,MB1615 (bioB),3176
1788856,0,0,0,0,0,384,0,0,MB1624c (NA),384
1797074,0,0,0,0,0,18,0,0,MB1634c (bcpB),18
1799948,0,89,0,0,3,307,18,0,NA,417
1806298,1,0,659,447,0,0,0,0,MB1643 (pykA),1107
1811702,0,0,0,0,0,13,465,0,MB1647c (cydD),478
1811731,1,0,0,0,0,0,2059,1,MB1647c (cydD),2061
1814723,0,0,0,0,0,84,0,0,MB1649c (cydA),84
1817277,0,0,0,0,0,0,30,111,MB1651c (cya),141
1830512,0,0,0,0,0,0,323,0,MB1661c (NA),323
1833428,0,0,0,0,0,0,76,0,MB1663c (NA),76
1854208,0,0,0,0,0,0,21,47,MB1679c (PE_PGRS30),68
1854413,1016,0,0,0,0,0,204,3,MB1679c (PE_PGRS30),1223
1865707,0,0,0,0,0,0,0,17,MB1689 (pks7),17
1883350,0,0,0,0,0,0,852,29,MB1694c (cyp139),881
1887406,2110,0,0,0,0,0,0,0,MB1699c (NA),2110
1889014,0,0,2,41,0,0,0,0,MB1700c (NA),43
1893363,0,0,0,0,0,0,693,0,MB1706 (fadE16),693
1901239,0,0,0,0,101,152,0,0,MB1712c (NA),253
1908173,0,0,0,0,0,0,8134,322,MB1720 (tlyA),8456
1910395,0,0,0,0,0,0,76,0,MB1722 (recN),76
1912789,0,0,0,0,0,35,0,0,MB1724 (mctb),35
1915358,3162,0,0,0,0,1,0,0,MB1726 (NA),3163
1918012,0,0,0,0,7,473,0,0,MB1728c (NA),480
1921390,40,0,0,0,0,0,0,0,MB1731c (PPE22),40
1922445,3139,3,0,0,0,0,25,2,MB1732c (PPE23),3169
1922834,0,0,0,0,0,15,17,3,MB1732c (PPE23),35
1938498,403,0,0,0,0,0,0,0,MB1751 (NA),403
1941277,20,0,0,0,0,0,0,0,MB1754c (NA),20
1951525,0,0,47,613,0,0,0,0,MB1764c (NA),660
1959875,0,0,0,0,44,437,0,0,MB1772 (pknE),481
1963935,0,0,0,0,0,1006,484,145,MB1776 (NA),1635
1981714,1220,22,0,0,0,2453,3,3,MB1787 (mmpL14),3701
1982641,4,0,0,0,0,249,2317,0,MB1787 (mmpL14),2570
1991231,6,15,0,0,0,1,0,0,NA,22
1992195,0,0,0,0,0,94,0,0,MB1794c (NA),94
1995396,1335,0,5,184,0,0,0,0,NA,1524
1998088,27,0,0,0,0,0,0,0,MB1798 (NA),27
1999449,3480,0,0,0,0,1,0,0,MB1799 (NA),3481
2001604,0,0,0,0,0,50,0,0,MB1801 (NA),50
2002034,57,0,0,0,0,0,0,0,MB1802c (NA),57
2002798,0,0,0,0,0,38,0,0,MB1803 (NA),38
2009724,0,0,0,0,0,0,682,0,MB1809 (NA),682
2019430,0,0,0,0,0,59,0,0,MB1813c (cyp143),59
2023033,0,0,0,0,0,0,235,0,NA,235
2035987,1,0,652,561,0,0,0,0,MB1828 (PPE28),1214
2039885,0,0,0,0,0,11,0,0,MB1831c (PE_PGRS32b),11
2043202,0,0,0,0,0,25,0,0,MB1835 (PE20),25
2054001,0,0,0,0,0,60,0,0,NA,60
2054336,0,17,0,0,0,139,0,0,MB1847 (NA),156
2054413,32,83,0,22,0,2,0,53,NA,192
2056027,0,0,0,0,0,140,0,0,NA,140
2056048,18,0,0,0,0,0,0,0,MB1849c (PE_PGRS33),18
2057487,0,0,0,0,0,268,0,0,MB1849c (PE_PGRS33),268
2059131,0,0,0,0,0,0,75,0,MB1850c (baca),75
2074711,0,0,0,0,304,1171,26,0,MB1865 (lipz),1501
2078156,0,0,0,0,0,26,0,0,MB1867c (NA),26
2083094,0,0,0,0,0,0,40,0,MB1871c (PE_PGRS34),40
2086696,0,0,0,0,1,1,627,0,MB1873c (NA),629
2087724,0,0,0,0,0,1987,0,0,MB1875c (gnd1),1987
2088157,0,96,0,0,0,284,0,0,MB1875c (gnd1),380
2095336,0,0,0,0,0,1146,0,0,MB1883 (ureG),1146
2096265,0,1,0,0,1731,1698,0,0,MB1884 (ureD),3430
2099408,0,0,0,0,0,43,0,0,MB1887c (NA),43
2099803,0,0,0,0,0,0,299,0,MB1888 (modA),299
2100699,12,0,166,2,0,0,0,0,MB1889 (modB),180
2118719,0,0,0,0,0,1327,0,0,MB1905 (NA),1327
2120854,0,0,0,0,385,1610,0,0,MB1908 (NA),1995
2125169,0,0,0,0,0,66,0,0,MB1912c (cyp140),66
2128973,11304,44,1,0,0,2,552,0,MB1917c (NA),11903
2130785,5,0,0,0,0,4,903,187,NA,1099
2132450,0,0,361,41,0,0,0,0,MB1920c (NA),402
2135464,1663,177,0,0,0,0,0,0,MB1927c (NA),1840
2142266,1,0,3480,2451,0,0,1,0,MB1935c (lipJ),5933
2143208,0,14,0,0,0,0,0,0,MB1936 (cinA),14
2143835,19,23,0,0,0,0,0,0,MB1937c (nanT),42
2145835,0,0,0,0,0,26,0,0,MB1939 (NA),26
2150866,0,0,0,0,0,989,1,0,MB1944c (furA),990
2164245,0,0,0,0,31,0,282,0,MB1952c (PPE35b),313
2165218,0,0,376,386,0,1,0,0,MB1953c (PPE35a),763
2178451,0,0,0,0,1,115,0,0,MB1965c (NA),116
2181335,0,0,0,0,0,5,23,2,MB1969c (fadE17),30
2184436,0,0,0,0,0,0,221,31,MB1971 (NA),252
2190132,0,0,0,0,0,0,1193,0,MB1976 (NA),1193
2190868,0,0,0,185,0,0,2,0,MB1977c (mazf5),187
2192476,0,0,0,0,0,0,28,6,MB1980 (NA),34
2195701,0,0,0,0,0,1128,0,0,MB1984c (NA),1128
2195820,0,0,6,4,0,3,0,0,MB1984c (NA),13
2196744,0,0,0,0,0,165,0,0,NA,165
2197097,0,0,0,0,0,100,272,0,MB1988 (vapc14),372
2201491,1677,12,0,1,0,0,1,0,MB1997A (vapB35),1691
2202140,0,0,0,0,0,0,927,4,MB1998c (mce3r),931
2205672,0,0,0,0,0,0,1006,106,MB2001c (NA),1112
2211990,0,1,0,0,29,77,0,0,NA,107
2215751,0,0,0,0,1,2040,2,0,NA,2043
2221019,0,0,0,0,0,0,24,0,MB2017c (cmtr),24
2226945,0,0,0,0,0,0,197,43,MB2021c (NA),240
2228807,1,0,708,485,0,0,0,0,MB2023 (NA),1194
2239430,0,106,0,0,0,3233,0,0,MB2030c (fdxA),3339
2241208,0,0,0,0,0,0,1262,156,MB2031c (NA),1418
2243652,0,0,0,0,0,11,0,0,NA,11
2243711,0,0,0,0,0,47,0,0,NA,47
2245229,0,0,0,0,0,102,0,0,MB2038c (NA),102
2250906,0,0,0,0,15,3253,22,0,MB2045c (higB2),3290
2260233,0,0,0,0,0,65,0,0,MB2051c (NA),65
2281437,0,24,0,0,0,0,0,3,MB2073c (NA),27
2284389,0,0,0,0,0,0,157,15,MB2074c (pks12),172
2290479,0,0,0,0,0,0,170,5,MB2074c (pks12),175
2292193,0,0,761,253,0,0,0,0,MB2074c (pks12),1014
2298549,0,0,0,0,0,0,3863,21,MB2077c (ppm1),3884
2299510,0,0,0,0,11,0,4023,58,MB2078c (NA),4092
2307966,0,0,81,234,0,0,0,0,MB2088c (cobN),315
2310454,0,0,0,0,0,0,4691,216,MB2090 (cobG),4907
2313370,0,0,0,0,0,13,0,0,MB2093c (NA),13
2315875,0,0,0,0,0,349,0,0,MB2096c (cobK),349
2316096,1,0,156,228,0,526,0,0,MB2096c (cobK),911
2318468,0,0,0,0,0,0,336,227,MB2100c (NA),563
2322716,0,0,0,0,1,141,0,0,MB2105 (NA),142
2330627,0,0,0,0,0,0,954,0,NA,954
2335452,0,0,0,0,0,547,0,0,MB2118c (NA),547
2335647,0,0,0,0,0,125,0,0,MB2119c (helY),125
2340788,0,0,0,0,0,0,2300,2,MB2123c (pafb),2302
2341338,0,0,0,0,0,427,0,0,MB2123c (pafb),427
2342166,690,2,0,0,0,0,30,0,MB2124c (pafa),722
2342971,17,2,0,0,0,0,0,0,NA,19
2350551,0,0,0,0,0,350,0,0,MB2129c (vapc37),350
2358597,354,0,0,0,0,3,0,0,MB2137 (NA),357
2362307,1,0,0,0,7,4548,0,0,MB2142c (NA),4556
2363403,0,0,0,0,0,0,120,7,MB2143 (NA),127
2364233,0,0,0,0,0,35,407,7,MB2144c (NA),449
2367382,0,0,0,0,0,38,0,0,MB2148c (metH),38
2367618,0,0,0,0,1,223,0,0,MB2148c (metH),224
2371317,0,0,0,0,0,0,0,12,MB2149 (NA),12
2372643,0,0,0,0,0,68,0,0,MB2150c (PE_PGRS37),68
2372763,0,0,0,0,0,0,28,0,MB2150c (PE_PGRS37),28
2373203,0,0,0,0,84,466,0,0,NA,550
2373983,0,0,0,0,0,1,402,0,MB2151 (ansP1),403
2385245,0,0,0,0,0,0,497,19,MB2165c (NA),516
2387198,0,0,0,0,40,4,0,0,MB2166c (pare2),44
2387655,0,3,0,0,0,733,0,0,NA,736
2388083,0,0,0,0,0,0,126,1,MB2167 (NA),127
2388129,0,0,0,0,0,15,0,0,MB2167 (NA),15
2389045,1,2,574,141,0,0,0,0,NA,718
2413176,659,0,0,0,0,0,0,0,MB2189c (rsmH),659
2415767,0,0,0,0,0,0,158,0,MB2192 (NA),158
2415950,1422,0,0,0,0,27,0,0,MB2192 (NA),1449
2416290,0,0,598,472,522,40,0,0,MB2192 (NA),1632
2418890,0,0,0,0,0,45,1,0,MB2195 (idsA2),46
2421054,77,0,0,0,0,0,11,62,MB2197c (NA),150
2427336,122,10,0,0,0,0,0,0,MB2203 (NA),132
2430020,0,0,0,0,0,0,137,0,MB2206c (NA),137
2434825,0,0,0,0,0,78,0,0,MB2212c (NA),78
2435239,0,0,0,0,0,114,0,0,MB2212c (NA),114
2435772,0,0,0,0,0,0,31,7,MB2213c (NA),38
2451685,18,21,0,0,0,149,0,0,NA,188
2452205,0,0,0,0,0,0,1400,56,MB2226 (NA),1456
2459988,0,0,0,0,98,0,0,0,MB2234c (gcvT),98
2478339,0,0,0,0,0,18,0,0,MB2247c (NA),18
2486947,1005,0,0,0,0,0,0,0,MB2254c (NA),1005
2487594,0,0,0,0,0,399,0,0,MB2255c (NA),399
2492710,6717,43,0,0,0,0,0,0,MB2260c (cobD),6760
2493559,2742,0,0,0,0,0,0,0,MB2261 (NA),2742
2495921,0,0,0,0,0,0,14,0,NA,14
2506025,0,0,0,0,0,0,47,4,MB2272 (NA),51
2506801,21,0,0,0,0,2,0,3,MB2273c (glpD1),26
2512149,177,0,0,0,0,0,0,0,MB2278c (NA),177
2518447,203,0,0,0,0,2,0,0,MB2285c (NA),205
2520920,0,0,0,0,0,0,195,0,MB2287c (NA),195
2524324,0,0,0,0,0,52,0,0,MB2289 (cyp124),52
2535643,0,0,0,0,0,217,0,0,MB2302 (pitB),217
2541763,0,0,0,0,0,0,961,16,MB2309 (yjcE),977
2542675,0,0,0,0,0,0,3186,107,MB2309 (yjcE),3293
2544862,12,103,0,0,0,0,0,0,MB2313 (lppOb),115
2547512,0,0,0,0,33,0,0,0,MB2316 (NA),33
2548345,3226,0,0,0,0,988,1,0,MB2316 (NA),4215
2548518,0,0,0,0,0,0,0,70,MB2316 (NA),70
2550183,0,0,0,0,0,73,0,0,MB2318 (NA),73
2551249,0,0,0,0,0,27,0,0,MB2320 (NA),27
2554641,0,0,0,0,0,1230,0,0,MB2322c (NA),1230
2557615,0,0,14,25,0,0,0,0,NA,39
2562099,0,0,0,0,0,0,739,4,MB2333c (NA),743
2562413,21,0,0,0,0,0,0,0,NA,21
2562722,114,0,0,0,0,0,0,0,MB2334 (NA),114
2567095,0,0,0,0,0,355,0,0,MB2340c (NA),355
2567799,0,22,0,0,0,0,0,0,MB2340c (NA),22
2567862,4893,5,0,0,0,0,1,0,MB2340c (NA),4899
2568912,0,0,0,0,0,0,591,5,MB2341c (NA),596
2575785,0,0,0,0,0,0,0,45,MB2347c (rocE),45
2576483,0,0,1490,198,0,1,1,0,MB2348c (rocD2),1690
2591064,0,0,0,0,0,0,14,449,MB2362 (cysK1),463
2600041,0,0,0,0,0,1097,0,0,MB2369c (PE_PGRS39),1097
2600430,0,0,0,0,1,2604,0,0,MB2369c (PE_PGRS39),2605
2600904,1,0,0,0,652,10318,2,17,MB2369c (PE_PGRS39),10990
2607556,0,81,0,0,0,0,0,0,MB2374 (NA),81
2607834,0,0,0,0,0,0,47,0,NA,47
2608163,0,0,0,0,0,0,27,0,MB2376c (PPE71),27
2608649,1481,2,0,0,1168,260,22,0,MB2376c (PPE71),2933
2610463,0,0,0,0,0,0,63,0,MB2377c (PPE40),63
2611459,0,0,0,0,0,497,3,0,MB2377c (PPE40),500
2612065,0,0,0,0,0,18,0,0,NA,18
2617341,0,0,0,0,0,0,202,0,MB2384 (amiA2),202
2623460,0,2,0,0,0,2,4,3,MB2391c (NA),11
2625990,0,0,0,0,196,823,0,0,MB2394c (dnaJ2),1019
2630424,0,0,0,0,46,0,0,0,MB2400c (mbtF),46
2645609,0,0,0,0,0,21,0,0,MB2404c (mbtB),21
2648362,0,0,0,0,0,739,0,0,NA,739
2650562,0,0,0,0,0,26,0,0,MB2406 (mbtJ),26
2654498,0,0,12,18,0,0,0,0,"MB2408 (NA),MB2409c (hemN)",30
2657553,0,0,11,8,0,0,0,0,MB2412 (sira),19
2661117,0,0,0,0,0,530,0,0,MB2415 (ggtB),530
2663877,0,0,0,0,0,0,72,5,MB2417 (NA),77
2665313,0,0,530,322,0,0,0,0,MB2418 (PE_PGRS41),852
2666295,0,0,0,0,0,0,430,9,MB2418 (PE_PGRS41),439
2671793,0,0,0,0,0,0,3,204,MB2425 (NA),207
2676773,2,1,0,0,0,0,230,0,MB2429c (NA),233
2697787,72,1,0,0,0,0,0,0,MB2451c (proA),73
2701489,4547,115,0,0,0,0,2305,1,MB2459c (NA),6968
2713155,0,0,0,0,0,0,9,190,NA,199
2727059,0,0,0,0,0,0,62,0,MB2481c (NA),62
2727745,5,4,0,0,0,0,785,86,MB2482c (NA),880
2727962,0,0,0,0,0,1179,0,0,MB2482c (NA),1179
2729384,0,0,0,0,0,0,427,0,NA,427
2729445,0,0,0,0,0,0,0,37,NA,37
2729708,0,0,0,0,0,0,0,27,MB2483c (NA),27
2733828,1033,212,0,0,0,0,42,0,MB2486 (NA),1287
2735003,58,6,1201,223,0,2,11,0,NA,1501
2737175,0,0,0,0,4,385,2,0,MB2489c (tig),391
2744143,0,0,0,0,0,67,0,0,MB2494 (pepN),67
2748599,0,0,0,0,0,0,15,0,MB2500 (NA),15
2749064,0,0,0,0,0,0,0,28,MB2501c (NA),28
2749121,0,0,0,0,0,2054,0,0,MB2501c (NA),2054
2750783,0,0,10,7,0,0,0,0,MB2503c (gdh),17
2754860,0,0,0,0,0,0,972,0,NA,972
2758331,0,0,0,12,0,0,0,0,MB2507c (plsB2),12
2766514,1017,0,0,0,0,0,0,1,MB2512c (PE_PGRS42d),1018
2770247,0,0,0,0,0,0,12,0,MB2515c (NA),12
2771903,0,0,0,0,0,122,0,0,MB2515c (NA),122
2779806,0,0,0,0,0,33,0,0,MB2522 (vapc38),33
2788233,0,0,0,0,0,839,0,0,MB2530c (accD1),839
2800428,585,84,0,0,0,0,0,0,MB2540c (NA),669
2800866,6,24,0,0,0,0,0,0,MB2540c (NA),30
2802204,0,0,0,0,0,122,0,0,MB2543c (NA),122
2807874,0,0,0,0,0,0,7,251,MB2548 (PE26),258
2832292,227,0,3,73,0,861,0,0,MB2565 (NA),1164
2851178,373,76,0,0,0,0,1,1,MB2589c (NA),451
2851900,0,0,0,0,0,0,60,0,NA,60
2863726,0,0,0,0,0,0,5,75,MB2597 (NA),80
2865891,94,0,0,0,0,2,0,0,MB2599c (NA),96
2866824,1,0,1,0,0,1372,0,0,MB2601c (NA),1374
2867340,0,0,0,0,0,0,20,14,MB2601c (NA),34
2870883,0,3,10,0,0,0,0,0,MB2604 (NA),13
2873885,39,0,0,0,0,0,0,0,MB2608 (NA),39
2882082,2,0,0,0,0,2137,0,0,NA,2139
2888383,0,0,0,0,0,74,0,0,MB2620 (gabT),74
2890561,0,0,0,0,0,25,0,0,MB2621 (fadD9),25
2892189,0,0,0,0,0,0,104,231,MB2621 (fadD9),335
2893559,147,0,0,0,0,0,950,139,MB2622 (PE_PGRS44),1236
2896612,0,0,0,0,0,579,0,0,MB2624c (ruvA),579
2900205,0,0,0,0,0,38,0,0,MB2631 (NA),38
2906860,0,0,0,0,0,67,0,0,NA,67
2907465,0,0,0,0,0,0,17,0,MB2640 (PPE42),17
2907992,0,0,0,0,0,0,109,188,MB2640 (PPE42),297
2908640,0,0,0,0,0,0,918,0,MB2640 (PPE42),918
2915469,0,0,0,0,0,0,120,0,"MB2647 (NA),MB2648c (PE_PGRS45)",120
2916930,0,0,0,0,0,472,0,0,NA,472
2934461,0,0,0,0,0,1,1207,111,MB2668 (NA),1319
2934619,0,0,0,0,1,14,0,0,MB2669 (NA),15
2934907,1,0,0,0,19,6196,1,0,MB2669 (NA),6217
2940813,0,0,0,0,0,738,0,0,NA,738
2941530,43,8,0,0,0,0,0,0,NA,51
2944106,5,18,0,0,0,0,0,0,MB2685 (NA),23
2944544,612,64,0,0,0,0,0,0,MB2685 (NA),676
2951991,2841,13,0,0,0,0,0,0,MB2693 (msrb),2854
2972192,0,0,0,0,0,0,207,1,MB2712c (NA),208
2972407,6,0,0,0,31,0,0,0,MB2712c (NA),37
2973117,2,0,3637,2932,0,0,0,1,MB2714 (NA),6572
2980814,0,0,0,0,0,672,0,0,MB2723 (NA),672
2981587,0,0,0,0,0,0,334,90,NA,424
2982709,0,0,289,148,0,1236,0,0,MB2727c (NA),1673
2983177,19,0,0,0,0,0,0,0,MB2728 (NA),19
2988679,0,0,0,0,0,0,395,0,MB2733 (NA),395
2989224,1890,0,0,0,0,0,0,0,MB2734 (NA),1890
2996099,442,66,0,0,0,0,0,0,MB2742 (NA),508
3010837,0,0,0,0,0,0,0,60,MB2756c (recA),60
3012726,1,0,0,0,0,2610,2361,1,MB2757 (NA),4973
3013019,0,0,0,1,0,1552,2,1,MB2758c (NA),1556
3013820,0,0,0,0,0,0,1115,0,MB2759c (NA),1115
3015389,762,0,0,0,0,0,0,0,MB2761 (PE_PGRS47),762
3016992,16,0,0,0,0,0,14,0,MB2763c (NA),30
3024451,0,0,0,0,0,902,0,0,MB2771 (NA),902
3037623,0,0,0,0,0,165,1,0,MB2789c (NA),166
3039656,80,203,0,0,0,0,0,0,MB2791c (PE27),283
3040073,0,0,0,0,0,21,0,0,NA,21
3041620,0,0,0,0,0,2109,1,0,MB2793c (NA),2110
3050620,16,0,0,0,0,0,0,0,MB2805c (pepR),16
3054477,25,55,0,0,0,0,0,0,MB2808c (rpsO),80
3060893,0,0,948,143,0,1,1,9,MB2813c (ltp1),1102
3070607,49,0,0,0,0,2131,0,0,MB2823 (NA),2180
3073764,0,233,0,0,0,0,0,0,MB2827c (NA),233
3082151,0,0,0,22,0,0,0,0,MB2838c (NA),22
3103013,0,0,0,0,0,700,5,0,MB2860c (ugpAa),705
3117855,0,0,41,87,0,0,0,0,MB2873c (cobB),128
3120169,0,0,0,0,2,523,0,0,MB2875c (NA),525
3123030,0,0,0,0,0,0,2503,233,NA,2736
3137059,0,0,0,0,0,1481,0,0,MB2889c (NA),1481
3139699,0,0,0,0,0,0,934,138,MB2892c (NA),1072
3139820,0,0,4,0,0,0,62,205,MB2892c (NA),271
3151271,4,0,0,0,29,1,0,0,MB2904c (NA),34
3165846,0,0,376,1,0,0,0,0,MB2919c (viuB),377
3166489,0,0,0,0,0,0,2,12,MB2920c (dprA),14
3173404,0,0,0,0,74,0,0,0,MB2926c (rnhB),74
3183388,0,0,62,5,0,0,0,0,MB2938c (pknI),67
3184842,0,0,63,153,0,0,0,0,MB2939c (NA),216
3197890,4121,1,0,0,0,45,0,0,MB2946c (smc),4167
3199295,0,0,0,0,0,447,166,0,MB2948c (NA),613
3211978,0,0,0,0,0,0,143,153,MB2956 (ppsA),296
3215166,0,0,0,0,0,1648,0,0,MB2957 (ppsB),1648
3222201,0,0,0,0,0,154,0,0,MB2958 (ppsC),154
3226594,0,0,0,0,0,0,228,2,MB2959 (ppsD),230
3226822,77,0,0,0,0,10,0,1,MB2959 (ppsD),88
3241958,0,0,0,0,0,0,31,0,MB2965c (mas),31
3244616,8,0,0,0,0,0,783,19,MB2966 (fadD28),810
3246354,0,0,0,0,0,1341,0,0,MB2967 (mmpL7),1341
3249313,1446,54,1072,457,0,0,20,0,NA,3049
3251201,24,3,0,0,0,0,0,0,MB2969 (NA),27
3254035,0,13,0,0,0,0,0,0,MB2971c (pks1),13
3258406,0,0,0,0,0,0,27,11,MB2971c (pks1),38
3259231,2688,0,0,1,0,1,0,0,MB2972c (fadD22),2690
3264976,0,31,0,0,0,35,0,0,MB2975c (NA),66
3268502,223,1,0,0,0,0,0,0,NA,224
3269202,0,0,0,0,0,0,18,0,MB2979c (NA),18
3271395,0,0,337,0,0,15,0,0,MB2981 (NA),352
3274195,0,21,0,0,0,61,0,0,MB2984c (NA),82
3280637,0,0,0,0,0,0,74,0,NA,74
3282894,0,0,0,0,0,36,0,0,MB2991c (pca),36
3289668,0,0,0,0,0,0,68,0,MB2998c (recG),68
3290903,2307,73,1,0,0,0,0,0,MB2998c (recG),2381
3291994,7,6,377,19,0,0,0,0,MB2999c (NA),409
3292875,0,1,934,144,0,1,0,0,MB2999CA (Mb2999cA),1080
3293534,0,0,0,0,0,54,0,0,MB3000c (ung),54
3295446,0,0,0,0,0,0,958,0,MB3002c (NA),958
3298903,2,0,0,0,13,4597,1890,0,NA,6502
3313322,0,0,0,0,0,399,0,0,MB3018 (NA),399
3325406,260,0,0,0,0,0,0,0,MB3030c (NA),260
3328179,0,1,0,0,282,3,0,1,MB3033 (NA),287
3335658,0,0,0,0,1,88,0,0,NA,89
3343011,626,66,0,0,0,0,0,0,MB3049c (NA),692
3343449,3,22,0,0,0,0,0,0,MB3049c (NA),25
3344296,0,0,25,111,0,0,0,0,MB3050c (trmU),136
3353748,0,0,0,0,21,0,0,0,MB3058 (NA),21
3356060,0,0,0,0,0,359,1,0,NA,360
3367213,0,0,0,0,0,0,295,103,NA,398
3371160,0,0,0,0,0,0,67,0,MB3075c (NA),67
3377457,0,0,0,0,0,57,0,0,MB3081 (NA),57
3380176,0,0,153,131,0,999,0,0,MB3084c (NA),1283
3383337,1293,9,0,0,0,0,1,0,MB3086c (NA),1303
3385995,0,0,0,0,0,38,0,0,MB3087c (fadE22b),38
3394380,11,0,0,0,0,0,60,2,MB3095c (pgmA),73
3398568,0,0,0,0,0,0,8,17,MB3101 (NA),25
3399626,32,0,0,0,0,0,0,0,MB3102c (NA),32
3400505,0,0,0,0,0,1651,0,0,"MB3103 (NA),MB3104 (NA)",1651
3402503,0,0,0,0,397,855,0,0,MB3105 (hab),1252
3407208,55,0,0,0,0,2784,0,0,MB3108 (NA),2839
3422720,0,0,0,0,5,748,1,0,MB3120c (NA),754
3435536,0,0,0,0,0,1,4431,3,MB3133 (fprA),4435
3437991,0,0,0,0,0,0,880,79,NA,959
3438010,0,0,441,0,0,0,0,0,NA,441
3442554,3,18,0,0,0,0,0,0,MB3142 (NA),21
3442992,592,55,0,0,0,0,0,0,MB3142 (NA),647
3451223,9,52,0,0,0,0,0,0,MB3150 (NA),61
3457239,0,0,503,493,0,0,0,0,MB3156c (devS),996
3459778,0,0,0,0,0,0,61,0,MB3159 (PPE50),61
3466634,0,0,0,0,0,16,0,0,MB3164 (fadE23),16
3470140,0,0,0,0,0,47,0,0,MB3168c (PPE52),47
3470151,74,0,0,0,0,0,1045,0,MB3168c (PPE52),1119
3488958,0,0,0,0,0,0,240,1,MB3184c (PPE70),241
3489861,52,0,0,0,0,32,0,0,MB3184c (PPE70),84
3510898,0,4,0,0,0,0,569,251,NA,824
3515878,0,0,0,0,0,1435,0,0,MB3212A (NA),1435
3517863,0,0,0,0,18,86,0,0,NA,104
3521967,1740,1,0,0,0,1,0,0,MB3215c (NA),1742
3525972,3815,0,0,0,0,0,0,0,NA,3815
3530282,28,0,0,0,0,3,0,0,NA,31
3532983,0,0,0,0,0,0,47,0,MB3226c (NA),47
3535169,2,6,0,0,0,0,1,2,MB3226c (NA),11
3540265,0,28,0,0,0,0,0,0,MB3228 (lipV),28
3547267,63,1,0,0,0,0,78,0,MB3237 (rhlE),142
3548003,3003,17,0,0,0,0,0,1,MB3237 (rhlE),3021
3561170,0,0,0,0,1049,0,0,0,MB3254c (NA),1049
3570033,0,0,0,0,0,92,0,0,MB3262c (tgs3),92
3570255,0,0,0,0,0,0,13,0,NA,13
3573931,0,0,0,0,0,32,0,0,MB3267c (NA),32
3575948,0,0,0,0,0,2192,1,0,MB3267c (NA),2193
3576693,0,0,0,0,0,0,39,0,MB3268c (secA1),39
3580268,0,164,0,0,0,0,202,0,NA,366
3580487,0,0,0,0,461,5,1122,52,NA,1640
3582128,0,0,1745,246,0,0,0,0,NA,1991
3589804,0,0,0,0,0,1848,48,0,MB3280c (alkB),1896
3602701,752,0,0,0,0,0,21,0,MB3291 (NA),773
3606848,1,0,4102,1938,0,0,1,0,NA,6042
3613123,0,0,0,0,0,55,0,0,MB3300 (NA),55
3616373,18,7,0,0,0,0,0,0,MB3302c (fadE25),25
3624304,0,0,0,0,0,887,0,0,MB3311 (sseA),887
3632111,0,0,0,0,0,0,1600,90,MB3320 (NA),1690
3633838,0,0,0,0,0,0,3,14,MB3321 (pcd),17
3635023,0,0,0,0,0,0,1768,12,MB3323 (NA),1780
3637239,0,0,0,0,0,2615,0,0,MB3324 (lhr),2615
3641062,0,0,0,0,0,0,1325,86,MB3326c (lpqC),1411
3644362,0,0,0,0,0,0,876,0,MB3327c (atsB),876
3645116,0,0,0,0,174,2145,1,0,MB3328c (NA),2320
3658340,0,0,0,0,0,732,179,1,MB3340c (NA),912
3661084,4,0,0,0,1,3455,493,124,MB3342c (add),4077
3666823,0,0,774,69,0,3102,0,0,MB3349c (vapc44),3945
3666842,0,5,0,0,0,37,0,49,MB3349c (vapc44),91
3668992,0,0,0,0,0,0,0,39,MB3353c (moaC3),39
3672334,0,0,1,0,207,249,1050,2,MB3358 (embR2),1509
3672503,0,0,0,0,0,0,384,2,MB3358 (embR2),386
3673649,0,0,0,0,0,307,0,0,MB3360 (NA),307
3675142,0,0,0,0,0,297,30,2,MB3361c (sigJ),329
3675179,0,12,0,0,0,0,0,0,MB3361c (sigJ),12
3675210,0,0,0,0,0,124,0,0,MB3361c (sigJ),124
3682426,3,0,0,0,0,16,0,0,MB3366c (NA),19
3689061,0,0,0,0,0,115,0,0,MB3372 (metC),115
3695511,1,0,3884,1325,0,29,8,47,MB3376c (PE_PGRS50b),5294
3697107,1035,170,0,0,0,0,0,0,MB3376c (PE_PGRS50b),1205
3699453,38,0,0,0,0,0,0,0,MB3377c (PE_PGRS50a),38
3705286,672,4,0,0,0,1,1313,4,MB3380c (PPE55a),1994
3705790,0,0,0,0,0,56,0,0,MB3380c (PPE55a),56
3707770,0,0,65,21,1,2,2548,89,MB3380c (PPE55a),2726
3711889,0,0,0,0,0,0,329,0,MB3381 (NA),329
3717308,0,0,0,0,0,0,345,0,MB3383c (PPE56d),345
3720172,0,0,0,0,0,0,573,3,MB3384c (PPE56b),576
3723304,3248,0,0,0,0,0,0,0,MB3384c (PPE56b),3248
3732368,24,48,0,0,0,0,0,0,MB3398c (NA),72
3732495,2435,30,0,0,0,0,0,0,MB3399c (NA),2465
3734750,0,0,0,0,0,979,0,2,MB3400c (NA),981
3739043,19,7,0,0,0,0,0,0,MB3404 (NA),26
3748485,2,0,0,0,0,1699,0,0,MB3410 (NA),1701
3749024,0,79,0,0,0,0,0,0,MB3411c (NA),79
3757244,0,0,0,0,0,0,14,0,MB3418 (NA),14
3759554,0,0,0,0,0,932,0,0,MB3420 (PE_PGRS52),932
3760169,0,0,0,0,0,1207,0,0,MB3420 (PE_PGRS52),1207
3762839,172,0,0,0,0,0,0,0,MB3423 (acrA1),172
3765193,3757,0,1,0,0,1,0,0,NA,3759
3777918,0,0,0,0,0,1752,1,0,MB3436c (NA),1753
3778532,0,18,0,0,0,0,11,7,MB3436c (NA),36
3779187,1,0,399,18,0,1817,1,92,NA,2328
3781767,2082,818,0,1,0,0,0,0,MB3439c (NA),2901
3781984,0,0,23,82,0,0,0,0,MB3439c (NA),105
3786084,2048,4,0,0,0,0,254,0,MB3444c (guaB3),2306
3790446,0,0,0,0,0,0,187,0,MB3448c (sigD),187
3796669,0,0,0,0,0,0,758,94,MB3455c (NA),852
3809062,3,0,9,233,246,846,464,50,MB3467 (NA),1851
3809500,0,0,0,0,0,0,377,0,MB3467 (NA),377
3810808,0,8,82,8,0,1,408,0,MB3469c (NA),507
3819351,0,0,0,0,0,0,42,8,MB3477c (eccc4),50
3820091,0,0,0,0,0,0,1804,4,MB3477c (eccc4),1808
3821981,0,0,6,90,0,0,0,0,MB3479 (mycp4),96
3823218,0,0,0,0,0,107,0,0,"MB3479 (mycp4),MB3480c (eccb4)",107
3824154,0,0,0,0,0,0,59,5,MB3480c (eccb4),64
3826730,1575,27,0,0,0,0,13,0,MB3483 (NA),1615
3827990,0,0,0,0,0,13,0,0,MB3483 (NA),13
3835962,0,0,0,0,0,15,0,0,MB3495 (NA),15
3847299,67,0,0,0,0,0,0,0,MB3507 (NA),67
3851521,0,0,0,0,0,0,30,0,MB3512c (NA),30
3854433,0,0,1061,36,0,0,0,0,MB3514 (cpsA),1097
3857647,0,0,0,0,0,0,38,0,NA,38
3857921,0,0,0,0,0,45,0,0,MB3518 (NA),45
3858040,0,0,0,0,171,1811,10,0,NA,1992
3864087,2,2,0,0,0,0,57,94,MB3525c (lprN),155
3865275,0,0,0,0,0,0,329,33,MB3526c (mce4D),362
3865984,0,0,0,0,0,46,0,0,MB3527c (mce4C),46
3867200,0,0,0,0,0,0,239,27,MB3528c (mce4B),266
3869813,0,0,0,0,0,1276,0,0,MB3530c (yrbE4B),1276
3873021,0,0,0,0,0,23,0,0,MB3534 (fadE26),23
3874160,16,1,0,0,0,0,0,0,MB3535 (fadE27),17
3875339,0,0,277,258,0,0,0,0,MB3536 (fadD17),535
3877093,13,0,0,0,0,0,0,0,MB3537 (PE_PGRS53),13
3877189,0,0,0,0,0,0,399,0,MB3537 (PE_PGRS53),399
3877402,0,0,714,179,0,0,0,0,MB3537 (PE_PGRS53),893
3879265,14,0,0,0,0,0,0,0,MB3537 (PE_PGRS53),14
3879568,122,45,0,0,0,0,0,17,MB3537 (PE_PGRS53),184
3881895,0,0,0,0,0,224,0,0,MB3538 (PE_PGRS54),224
3883071,0,189,0,0,0,0,0,0,MB3538 (PE_PGRS54),189
3886357,2443,0,0,0,0,0,0,0,MB3539c (ilvX),2443
3891716,2110,0,0,0,0,0,0,0,MB3541 (PE_PGRS55),2110
3892607,542,1,0,0,0,0,0,0,MB3541 (PE_PGRS55),543
3894173,0,0,0,0,1,0,209,0,NA,210
3895831,0,0,0,0,0,191,0,0,MB3543 (PE_PGRS57),191
3896002,0,0,285,256,4,5,2,0,MB3543 (PE_PGRS57),552
3896299,0,0,0,0,0,575,0,0,MB3543 (PE_PGRS57),575
3898250,0,0,0,0,0,25,3,0,NA,28
3900784,0,0,0,0,0,0,0,31,MB3545 (echA19),31
3923967,0,0,0,0,0,0,58,0,MB3567 (kstd),58
3940342,0,1,0,0,0,1171,0,0,MB3584 (fdxB),1172
3946363,7826,728,0,0,0,2235,2,1,MB3588 (PPE64),10792
3961771,0,0,1103,682,0,1,9,0,MB3604c (fadE34),1795
3963468,0,0,0,0,0,33,0,0,MB3604c (fadE34),33
3964192,0,0,1165,98,0,33,0,0,MB3605 (kstr),1296
3966666,0,0,0,0,0,0,6564,246,MB3607 (lppH),6810
3973373,0,0,0,0,0,0,0,84,NA,84
3974322,0,0,0,0,0,0,15,0,MB3616 (radA),15
3974895,2159,1101,1,0,0,0,0,0,MB3616 (radA),3261
3978396,0,0,0,41,0,0,1,0,MB3620 (mutY),42
3978473,33,0,0,0,0,0,0,0,MB3620 (mutY),33
3981672,0,0,0,0,2,42,0,0,NA,44
3991516,0,0,0,0,0,49,0,0,MB3631c (panD),49
3995445,2089,82,0,0,7,8,0,0,MB3635c (NA),2186
3998562,0,0,0,0,0,0,34,0,MB3640c (ftsH),34
4000595,0,0,0,0,2,14,0,0,NA,16
4003113,0,0,0,0,0,709,0,0,MB3646c (espa),709
4010646,0,0,0,0,0,184,1,0,MB3653c (NA),185
4012770,0,0,0,0,0,0,168,0,MB3655 (NA),168
4032995,402,0,0,0,0,0,0,0,MB3674 (PE33),402
4038170,0,0,0,0,40,0,0,3,MB3682c (NA),43
4038518,0,0,0,0,0,105,0,0,MB3682c (NA),105
4041985,1,0,1,0,42,7463,1,0,MB3685 (NA),7508
4042892,0,0,0,1,0,0,34,0,NA,35
4056149,149,0,0,0,0,0,0,0,NA,149
4057227,0,0,0,0,0,1,2147,0,MB3698c (nth),2148
4059018,30,0,0,0,0,0,0,0,MB3701c (NA),30
4063468,0,0,0,0,0,0,14,0,NA,14
4069379,141,0,0,0,0,0,0,0,MB3710c (cyp137),141
4072562,1,0,0,0,0,1411,0,0,MB3714 (NA),1412
4085252,0,0,0,0,0,63,0,0,MB3726c (egtE),63
4089070,1,0,440,421,0,0,1,0,MB3730c (gshA),863
4090022,0,0,126,210,0,0,0,0,NA,336
4103643,0,120,0,0,0,0,97,0,MB3744 (NA),217
4105093,0,0,0,0,11,0,0,0,MB3746 (NA),11
4105206,0,0,0,0,0,0,1958,616,MB3746 (NA),2574
4106021,1,0,0,0,0,0,1455,22,MB3747 (NA),1478
4111886,0,0,0,0,0,29,0,0,MB3751 (cut5),29
4114847,0,0,0,0,0,165,0,0,MB3754 (NA),165
4119984,0,0,0,0,0,931,0,0,NA,931
4122831,20,0,0,0,0,0,0,0,MB3757c (NA),20
4130511,0,0,0,0,0,0,27,0,MB3764 (NA),27
4133474,1,0,760,500,0,0,0,0,MB3767c (NA),1261
4133571,0,0,0,0,0,1641,0,0,MB3768c (NA),1641
4134315,58,0,0,0,0,0,0,0,MB3769c (ctpJ),58
4135035,0,0,0,0,0,17,0,0,MB3769c (ctpJ),17
4142447,0,835,0,0,0,0,0,0,MB3781c (NA),835
4142684,0,0,0,0,0,226,0,0,MB3782c (proZ),226
4150109,0,0,0,0,0,0,521,0,MB3789 (lpqH),521
4157980,395,12,0,0,0,0,482,0,MB3800 (hisC2),889
4158205,0,0,0,0,0,0,24,1,MB3800 (hisC2),25
4173082,0,0,0,0,0,56,0,0,"MB3814 (NA),MB3815c (NA)",56
4175515,0,0,16,1,0,0,0,0,MB3817 (NA),17
4191724,0,0,0,0,0,819,0,0,NA,819
4194191,0,0,0,0,0,19,0,0,MB3827 (NA),19
4215942,0,0,0,0,661,167,1,2,MB3841 (NA),831
4220744,408,29,2,0,0,0,0,0,MB3845c (NA),439
4228434,30,1,0,0,0,802,488,246,MB3852 (chp1),1567
4229226,30,16,0,0,0,0,0,0,MB3853c (mmpL8),46
4231629,0,0,0,0,0,43,0,0,MB3853c (mmpL8),43
4235016,0,0,0,0,0,3322,1,0,MB3855c (pks2),3323
4236351,3,0,0,0,0,0,596,5,MB3855c (pks2),604
4241146,0,0,0,0,0,0,3179,13,MB3856 (fadD23),3192
4243879,0,0,0,0,0,0,25,0,MB3858c (NA),25
4245531,0,0,0,0,0,0,338,2,MB3859c (NA),340
4247804,1663,0,0,0,0,3,0,0,MB3863 (NA),1666
4251249,0,0,0,0,0,19,0,0,MB3866 (NA),19
4259639,0,0,0,0,0,0,344,0,MB3874 (NA),344
4261049,0,0,0,0,1,734,0,0,MB3875Cc (Mb3875cC),735
4263162,0,0,0,0,0,0,27,4,MB3878 (NA),31
4263982,0,0,0,0,0,268,0,0,NA,268
4265650,186,4,0,0,0,0,0,0,MB3881 (NA),190
4289959,0,0,0,0,0,363,3107,299,MB3901 (ecccb1),3769
4290449,0,0,0,0,0,0,665,0,MB3901 (ecccb1),665
4293032,0,0,0,0,0,2817,1,0,MB3904 (esxB),2818
4294435,0,0,0,0,0,105,0,0,MB3906 (espi),105
4297105,738,2,1,0,313,234,1520,27,MB3907 (eccd1),2835
4297769,0,0,0,0,0,23,0,0,MB3908 (espj),23
4298765,904,1,0,0,0,0,0,0,MB3909c (espk),905
4302159,0,0,539,7,0,0,0,0,MB3911c (espb),546
4303525,0,0,1,0,4,0,1997,693,MB3912c (ecce1),2695
4311378,0,0,0,0,0,0,1515,1,MB3917c (eccd2),1516
4312433,0,0,0,0,5,38,30,12,MB3920c (esxD),85
4312688,0,0,0,0,5,334,0,0,MB3920c (esxD),339
4318204,2757,112,0,0,0,0,0,0,MB3924c (eccc2),2869
4322796,564,0,0,0,0,4,0,0,MB3928c (NA),568
4324791,0,1,0,0,1,1185,1,0,MB3931c (NA),1188
4338356,68,0,0,0,0,444,0,0,MB3940 (NA),512
4349812,0,0,0,0,0,0,706,0,NA,706
